{"wisher": {"docf": {" AP880213-0178 ": 0.09090909090909091, " AP880215-0060 ": 0.2, " AP880217-0141 ": 0.06666666666666667, " AP880223-0066 ": 0.1111111111111111, " AP880302-0047 ": 0.09090909090909091, " AP880302-0202 ": 0.125, " AP880308-0258 ": 0.07692307692307693, " AP880309-0106 ": 0.25, " AP880309-0271 ": 0.1, " AP880311-0009 ": 0.07142857142857142, " AP880311-0043 ": 0.08333333333333333, " AP880318-0139 ": 0.05263157894736842, " AP880318-0171 ": 0.14285714285714285, " AP880319-0079 ": 0.14285714285714285, " AP880323-0079 ": 0.07142857142857142, " AP880323-0090 ": 0.08333333333333333, " AP880325-0012 ": 0.05555555555555555, " AP880325-0022 ": 0.14285714285714285, " AP880401-0248 ": 0.14285714285714285, " AP880404-0109 ": 0.038461538461538464, " AP880407-0189 ": 0.1111111111111111, " AP880409-0164 ": 0.1111111111111111, " AP880411-0014 ": 0.1, " AP880413-0043 ": 0.07692307692307693, " AP880414-0071 ": 0.058823529411764705, " AP880416-0038 ": 0.18181818181818182, " AP880418-0078 ": 0.05555555555555555, " AP880418-0166 ": 0.05, " AP880419-0116 ": 0.0625, " AP880422-0056 ": 0.25, " AP880422-0059 ": 0.3333333333333333, " AP880422-0145 ": 0.125, " AP880426-0004 ": 0.07692307692307693, " AP880428-0002 ": 0.14285714285714285, " AP880429-0037 ": 0.1111111111111111, " AP880429-0064 ": 0.07142857142857142, " AP880510-0137 ": 0.16666666666666666, " AP880512-0031 ": 0.07142857142857142, " AP880512-0158 ": 0.05555555555555555, " AP880518-0134 ": 0.09090909090909091, " AP880518-0278 ": 0.08333333333333333, " AP880526-0056 ": 0.1, " AP880526-0096 ": 0.1, " AP880526-0271 ": 0.04, " AP880602-0210 ": 0.09090909090909091, " AP880603-0222 ": 0.07692307692307693, " AP880606-0031 ": 0.1, " AP880610-0072 ": 0.125, " AP880611-0114 ": 0.05555555555555555, " AP880626-0079 ": 0.25, " AP880702-0033 ": 0.14285714285714285, " AP880704-0102 ": 0.041666666666666664, " AP880712-0115 ": 0.05263157894736842, " AP880718-0043 ": 0.07142857142857142, " AP880718-0110 ": 0.14285714285714285, " AP880720-0235 ": 0.07692307692307693, " AP880723-0136 ": 0.06666666666666667, " AP880725-0163 ": 0.14285714285714285, " AP880730-0053 ": 0.1, " AP880808-0138 ": 0.16666666666666666, " AP880808-0161 ": 0.1, " AP880809-0037 ": 0.1111111111111111, " AP880809-0067 ": 0.16666666666666666, " AP880810-0134 ": 0.2, " AP880810-0183 ": 0.08333333333333333, " AP880811-0233 ": 0.05555555555555555, " AP880812-0045 ": 0.08333333333333333, " AP880812-0081 ": 0.14285714285714285, " AP880825-0095 ": 0.0625, " AP880825-0153 ": 0.09090909090909091, " AP880827-0022 ": 0.1, " AP880829-0021 ": 0.1, " AP880829-0079 ": 0.06666666666666667, " AP880908-0177 ": 0.1, " AP880908-0221 ": 0.041666666666666664, " AP880916-0206 ": 0.07142857142857142, " AP880920-0036 ": 0.07692307692307693, " AP880920-0099 ": 0.08333333333333333, " AP880921-0020 ": 0.07142857142857142, " AP880921-0042 ": 0.07142857142857142, " AP880923-0010 ": 0.058823529411764705, " AP880923-0028 ": 0.09090909090909091, " AP880923-0070 ": 0.125, " AP880925-0005 ": 0.058823529411764705, " AP880925-0080 ": 0.08333333333333333, " AP880925-0087 ": 0.05555555555555555, " AP880925-0090 ": 0.0625, " AP880926-0010 ": 0.06666666666666667, " AP880926-0130 ": 0.034482758620689655, " AP880926-0216 ": 0.2222222222222222, " AP880927-0109 ": 0.1, " AP880929-0237 ": 0.07692307692307693, " AP880930-0116 ": 0.08333333333333333, " AP881003-0260 ": 0.08333333333333333, " AP881004-0116 ": 0.125, " AP881004-0217 ": 0.07142857142857142, " AP881007-0160 ": 0.07142857142857142, " AP881008-0041 ": 0.07142857142857142, " AP881010-0066 ": 0.1111111111111111, " AP881010-0109 ": 0.3333333333333333, " AP881016-0051 ": 0.14285714285714285, " AP881020-0102 ": 0.09090909090909091, " AP881021-0073 ": 0.07142857142857142, " AP881022-0061 ": 0.06666666666666667, " AP881027-0062 ": 0.15384615384615385, " AP881108-0101 ": 0.07692307692307693, " AP881108-0156 ": 0.125, " AP881109-0021 ": 0.043478260869565216, " AP881109-0043 ": 0.1111111111111111, " AP881110-0085 ": 0.0625, " AP881111-0020 ": 0.09090909090909091, " AP881114-0065 ": 0.0625, " AP881115-0050 ": 0.2, " AP881119-0025 ": 0.07692307692307693, " AP881125-0065 ": 0.06666666666666667, " AP881125-0162 ": 0.07142857142857142, " AP881130-0153 ": 0.07692307692307693, " AP881201-0118 ": 0.125, " AP881205-0109 ": 0.06666666666666667, " AP881207-0110 ": 0.1111111111111111, " AP881207-0134 ": 0.1, " AP881212-0046 ": 0.0625, " AP881212-0243 ": 0.07142857142857142, " AP881223-0057 ": 0.1111111111111111, " AP881224-0122 ": 0.08333333333333333}, "df": 125, "idf": 9.320538832220546}, "honesti": {"docf": {" AP880213-0178 ": 0.09090909090909091, " AP880214-0062 ": 0.041666666666666664, " AP880215-0108 ": 0.14285714285714285, " AP880215-0189 ": 0.125, " AP880219-0211 ": 0.07142857142857142, " AP880219-0277 ": 0.05, " AP880220-0083 ": 0.07407407407407407, " AP880221-0033 ": 0.05, " AP880223-0251 ": 0.0625, " AP880224-0089 ": 0.05, " AP880229-0072 ": 0.09090909090909091, " AP880303-0123 ": 0.07692307692307693, " AP880304-0025 ": 0.1111111111111111, " AP880304-0035 ": 0.058823529411764705, " AP880304-0043 ": 0.09090909090909091, " AP880308-0278 ": 0.058823529411764705, " AP880309-0001 ": 0.06666666666666667, " AP880310-0073 ": 0.08333333333333333, " AP880311-0145 ": 0.09090909090909091, " AP880311-0268 ": 0.08, " AP880312-0017 ": 0.14285714285714285, " AP880315-0015 ": 0.125, " AP880315-0018 ": 0.07692307692307693, " AP880316-0039 ": 0.041666666666666664, " AP880316-0127 ": 0.16666666666666666, " AP880317-0231 ": 0.1111111111111111, " AP880318-0139 ": 0.10526315789473684, " AP880318-0269 ": 0.09090909090909091, " AP880318-0278 ": 0.07692307692307693, " AP880320-0047 ": 0.06666666666666667, " AP880320-0060 ": 0.125, " AP880321-0237 ": 0.125, " AP880322-0210 ": 0.1, " AP880324-0005 ": 0.1111111111111111, " AP880324-0068 ": 0.125, " AP880328-0217 ": 0.16666666666666666, " AP880329-0116 ": 0.09090909090909091, " AP880403-0064 ": 0.1, " AP880403-0083 ": 0.043478260869565216, " AP880404-0189 ": 0.047619047619047616, " AP880404-0209 ": 0.05263157894736842, " AP880404-0244 ": 0.14285714285714285, " AP880405-0090 ": 0.25, " AP880408-0016 ": 0.058823529411764705, " AP880411-0235 ": 0.05555555555555555, " AP880416-0091 ": 0.42857142857142855, " AP880418-0019 ": 0.3333333333333333, " AP880418-0089 ": 0.07142857142857142, " AP880419-0179 ": 0.058823529411764705, " AP880420-0187 ": 0.1, " AP880421-0131 ": 0.1, " AP880426-0212 ": 0.07692307692307693, " AP880427-0016 ": 0.09090909090909091, " AP880427-0230 ": 0.03571428571428571, " AP880428-0165 ": 0.07692307692307693, " AP880429-0163 ": 0.06666666666666667, " AP880429-0173 ": 0.16666666666666666, " AP880505-0031 ": 0.05555555555555555, " AP880505-0067 ": 0.2, " AP880507-0087 ": 0.125, " AP880508-0091 ": 0.1111111111111111, " AP880509-0138 ": 0.09090909090909091, " AP880516-0223 ": 0.08333333333333333, " AP880516-0265 ": 0.07142857142857142, " AP880516-0277 ": 0.14285714285714285, " AP880518-0060 ": 0.125, " AP880519-0038 ": 0.1111111111111111, " AP880519-0061 ": 0.09090909090909091, " AP880525-0002 ": 0.07692307692307693, " AP880602-0241 ": 0.05555555555555555, " AP880608-0142 ": 0.1, " AP880609-0080 ": 0.16666666666666666, " AP880613-0237 ": 0.07692307692307693, " AP880615-0068 ": 0.125, " AP880621-0061 ": 0.1, " AP880621-0222 ": 0.125, " AP880624-0251 ": 0.07692307692307693, " AP880625-0044 ": 0.08333333333333333, " AP880627-0209 ": 0.07692307692307693, " AP880629-0311 ": 0.1, " AP880702-0113 ": 0.06666666666666667, " AP880706-0041 ": 0.14285714285714285, " AP880712-0297 ": 0.11764705882352941, " AP880713-0097 ": 0.07142857142857142, " AP880715-0050 ": 0.0625, " AP880716-0063 ": 0.07142857142857142, " AP880719-0245 ": 0.08333333333333333, " AP880719-0265 ": 0.125, " AP880721-0220 ": 0.07692307692307693, " AP880722-0063 ": 0.1, " AP880722-0244 ": 0.09090909090909091, " AP880722-0255 ": 0.125, " AP880723-0080 ": 0.045454545454545456, " AP880723-0095 ": 0.041666666666666664, " AP880723-0133 ": 0.05555555555555555,